,row_index,function_type,degree,depth,num_layers,width,layer_width,num_variables,erm_num_samples,num_training_epochs,num_iter,net_type,train_batch_size,learning_rate,train_loss_initial,val_loss_initial,train_loss_final,val_loss_final
0,0,parity,8,two,2,half_d,4,32,8000,100,800000,ReLUResNet,20,0.01,7961.731685698032,8056.35151553154,7777.235716640949,8215.982697963715
0,1,parity,8,two,2,d,8,32,8000,100,800000,ReLUResNet,20,0.01,7931.745601534843,8087.423933982849,7570.531500995159,8419.276240766048
0,10,parity,8,d,8,2d,16,32,8000,100,800000,ReLUResNet,20,0.01,7853.135528802872,8228.916643977165,4979.369635105133,11310.374229341745
0,100,complete,16,half_d,8,half_d,8,32,16000,100,1600000,ReLUResNet,20,0.01,18.020481295374793,644245262.6035974,0.00418413822556829,1503238576.0041673
0,101,complete,16,half_d,8,d,16,32,16000,100,1600000,ReLUResNet,20,0.01,32.97865081133568,1073741632.6015499,0.39075586996068523,1288490080.4069767
0,102,complete,16,half_d,8,2d,32,32,16000,100,1600000,ReLUResNet,20,0.01,38.75092284235143,1073741989.8509173,0.5687355017371374,2576980592.603268
0,103,complete,16,half_d,8,4d,64,32,16000,100,1600000,ReLUResNet,20,0.01,35.723035310227715,1073741987.7065177,0.12005986696635773,1288490160.1289456
0,104,complete,16,d,16,half_d,8,32,16000,100,1600000,ReLUResNet,20,0.01,261.6003673197249,1073742069.0183794,0.04186892863905811,858993472.115603
0,105,complete,16,d,16,d,16,32,16000,100,1600000,ReLUResNet,20,0.01,,,,
0,106,complete,16,d,16,2d,32,32,16000,100,1600000,ReLUResNet,20,0.01,,,,
0,107,complete,16,d,16,4d,64,32,16000,100,1600000,ReLUResNet,20,0.01,,,,
0,108,clipped_complete,8,two,2,half_d,4,32,8000,100,800000,ReLUResNet,20,0.01,2334630.38227123,2020756.2558515072,2090592.975003004,1862159.914800167
0,109,clipped_complete,8,two,2,d,8,32,8000,100,800000,ReLUResNet,20,0.01,1578509.9264414907,1910003.713596344,7895.622575640678,8354.57500231266
0,11,parity,8,d,8,4d,32,32,8000,100,800000,ReLUResNet,20,0.01,7737.990740478039,8361.952784478664,1171.0318612195551,17816.924151599407
0,110,clipped_complete,8,two,2,2d,16,32,8000,100,800000,ReLUResNet,20,0.01,1599953.9747052193,2073586.59920609,6259.45522159338,6680.911671757698
0,111,clipped_complete,8,two,2,4d,32,32,8000,100,800000,ReLUResNet,20,0.01,1710407.3733224273,1899317.546392262,5453.786236077547,6245.739074155688
0,112,clipped_complete,8,half_d,4,half_d,4,32,8000,100,800000,ReLUResNet,20,0.01,1743892.5551658869,1769719.5475816727,1715085.0314736366,1903165.8968019485
0,113,clipped_complete,8,half_d,4,d,8,32,8000,100,800000,ReLUResNet,20,0.01,2220825.3215054274,1958336.8747026324,69355.3463307023,64216.65666949749
0,114,clipped_complete,8,half_d,4,2d,16,32,8000,100,800000,ReLUResNet,20,0.01,,,,
0,115,clipped_complete,8,half_d,4,4d,32,32,8000,100,800000,ReLUResNet,20,0.01,,,,
0,116,clipped_complete,8,d,8,half_d,4,32,8000,100,800000,ReLUResNet,20,0.01,1700059.371460557,2043973.9995821714,677346.323845923,2214663.5729130507
0,117,clipped_complete,8,d,8,d,8,32,8000,100,800000,ReLUResNet,20,0.01,,,,
0,118,clipped_complete,8,d,8,2d,16,32,8000,100,800000,ReLUResNet,20,0.01,,,,
0,119,clipped_complete,8,d,8,4d,32,32,8000,100,800000,ReLUResNet,20,0.01,,,,
0,12,parity,12,two,2,half_d,6,32,12000,100,1200000,ReLUResNet,20,0.01,11978.076938569546,12057.419754207134,11701.243988394737,12302.219077527523
0,120,clipped_complete,12,two,2,half_d,6,32,12000,100,1200000,ReLUResNet,20,0.01,,,,
0,121,clipped_complete,12,two,2,d,12,32,12000,100,1200000,ReLUResNet,20,0.01,,,,
0,122,clipped_complete,12,two,2,2d,24,32,12000,100,1200000,ReLUResNet,20,0.01,,,,
0,123,clipped_complete,12,two,2,4d,48,32,12000,100,1200000,ReLUResNet,20,0.01,,,,
0,124,clipped_complete,12,half_d,6,half_d,6,32,12000,100,1200000,ReLUResNet,20,0.01,,,,
0,125,clipped_complete,12,half_d,6,d,12,32,12000,100,1200000,ReLUResNet,20,0.01,11892.318801403046,48643142.40179849,10547.080305039883,48645070.85134429
0,126,clipped_complete,12,half_d,6,2d,24,32,12000,100,1200000,ReLUResNet,20,0.01,,,,
0,127,clipped_complete,12,half_d,6,4d,48,32,12000,100,1200000,ReLUResNet,20,0.01,,,,
0,128,clipped_complete,12,d,12,half_d,6,32,12000,100,1200000,ReLUResNet,20,0.01,,,,
0,129,clipped_complete,12,d,12,d,12,32,12000,100,1200000,ReLUResNet,20,0.01,,,,
0,13,parity,12,two,2,d,12,32,12000,100,1200000,ReLUResNet,20,0.01,11940.296356201172,12093.423549234867,11456.071583271027,12533.89561766386
0,130,clipped_complete,12,d,12,2d,24,32,12000,100,1200000,ReLUResNet,20,0.01,,,,
0,131,clipped_complete,12,d,12,4d,48,32,12000,100,1200000,ReLUResNet,20,0.01,,,,
0,132,clipped_complete,16,two,2,half_d,8,32,16000,100,1600000,ReLUResNet,20,0.01,15952.986864387989,1073725653.2927562,15595.136223256588,644244843.3306692
0,133,clipped_complete,16,two,2,d,16,32,16000,100,1600000,ReLUResNet,20,0.01,15925.862884938717,1073722407.2900047,15284.921670556068,1503206453.4008703
0,134,clipped_complete,16,two,2,2d,32,32,16000,100,1600000,ReLUResNet,20,0.01,15885.676823735237,1503208925.833736,14593.913346767426,1073722522.1783048
0,135,clipped_complete,16,two,2,4d,64,32,16000,100,1600000,ReLUResNet,20,0.01,15793.82508945465,1503212794.3543944,13003.727359890938,858982141.6680171
0,136,clipped_complete,16,half_d,8,half_d,8,32,16000,100,1600000,ReLUResNet,20,0.01,15962.961496710777,858987708.2050141,15143.877196073532,1503220924.3890092
0,137,clipped_complete,16,half_d,8,d,16,32,16000,100,1600000,ReLUResNet,20,0.01,15827.674515843391,858984621.0890145,13394.923139482737,1288472608.5166044
0,138,clipped_complete,16,half_d,8,2d,32,32,16000,100,1600000,ReLUResNet,20,0.01,15675.03892225027,429499940.54544467,7035.570860549808,858995795.4673461
0,139,clipped_complete,16,half_d,8,4d,64,32,16000,100,1600000,ReLUResNet,20,0.01,14658.31344589591,1717961616.47802,219.50091717368923,1073749181.462215
0,14,parity,12,two,2,2d,24,32,12000,100,1200000,ReLUResNet,20,0.01,11895.58399182558,12136.683941721916,10889.76498389244,13057.20649856329
0,140,clipped_complete,16,d,16,half_d,8,32,16000,100,1600000,ReLUResNet,20,0.01,,,,
0,141,clipped_complete,16,d,16,d,16,32,16000,100,1600000,ReLUResNet,20,0.01,,,,
0,142,clipped_complete,16,d,16,2d,32,32,16000,100,1600000,ReLUResNet,20,0.01,,,,
0,143,clipped_complete,16,d,16,4d,64,32,16000,100,1600000,ReLUResNet,20,0.01,,,,
0,144,msp,8,two,2,half_d,4,32,8000,100,800000,ReLUResNet,20,0.01,5677.618110179901,5730.654493331909,2178.926982670091,2136.206294401549
0,145,msp,8,two,2,d,8,32,8000,100,800000,ReLUResNet,20,0.01,5670.674792632461,5758.632833153009,1295.3712549116462,1351.220678562764
0,146,msp,8,two,2,2d,16,32,8000,100,800000,ReLUResNet,20,0.01,5678.052704900503,5696.644950866699,581.9238051572756,671.628232008472
0,147,msp,8,two,2,4d,32,32,8000,100,800000,ReLUResNet,20,0.01,5964.867170661688,6070.129961907864,541.6544474165421,632.4427440118743
0,148,msp,8,half_d,4,half_d,4,32,8000,100,800000,ReLUResNet,20,0.01,4342.271621271968,4246.867287617177,1.7770330490915853,2.400041854248599
0,149,msp,8,half_d,4,d,8,32,8000,100,800000,ReLUResNet,20,0.01,2585.946819009143,2612.878425467876,0.37364904879609284,0.3660083159795029
0,15,parity,12,two,2,4d,48,32,12000,100,1200000,ReLUResNet,20,0.01,11843.572694897652,12223.08779156208,9727.970943897963,14278.855810761452
0,150,msp,8,half_d,4,2d,16,32,8000,100,800000,ReLUResNet,20,0.01,2791.3281875160756,2863.93714331137,2.224523243715339,8.535103209234876
0,151,msp,8,half_d,4,4d,32,32,8000,100,800000,ReLUResNet,20,0.01,3037.7605639671674,3129.3315247723367,2.4054907624995394,14.71320445614765
0,152,msp,8,d,8,half_d,4,32,8000,100,800000,ReLUResNet,20,0.01,1370.767890757129,1374.872769915266,0.0012340646485464735,0.006588533104664895
0,153,msp,8,d,8,d,8,32,8000,100,800000,ReLUResNet,20,0.01,1386.8134034022805,1482.6244185508367,0.00014276467546980864,0.0034982372544499762
0,154,msp,8,d,8,2d,16,32,8000,100,800000,ReLUResNet,20,0.01,1546.5919385903107,1519.834097971645,0.03383249407875155,0.09020889417381994
0,155,msp,8,d,8,4d,32,32,8000,100,800000,ReLUResNet,20,0.01,1654.5180668740068,1673.743521733908,0.682184064878129,1.9047960082934878
0,156,msp,12,two,2,half_d,6,32,12000,100,1200000,ReLUResNet,20,0.01,9475.631354629993,9522.13759213686,7046.81534729898,7132.918617747724
0,157,msp,12,two,2,d,12,32,12000,100,1200000,ReLUResNet,20,0.01,9452.791041493416,9467.516265898943,2644.8242235956714,2799.191382232355
0,158,msp,12,two,2,2d,24,32,12000,100,1200000,ReLUResNet,20,0.01,9713.706967234612,9771.647812217474,1109.8233543422539,1176.411017589795
0,159,msp,12,two,2,4d,48,32,12000,100,1200000,ReLUResNet,20,0.01,9936.151782780886,10224.34458693862,2441.792864358984,2993.0089588630944
0,16,parity,12,half_d,6,half_d,6,32,12000,100,1200000,ReLUResNet,20,0.01,11963.963265955448,12082.655769884586,11496.153282940388,12485.280334711075
0,160,msp,12,half_d,6,half_d,6,32,12000,100,1200000,ReLUResNet,20,0.01,3299.1069498485795,3251.3213880755775,66.1050142819355,115.66725082527972
0,161,msp,12,half_d,6,d,12,32,12000,100,1200000,ReLUResNet,20,0.01,2581.8646801539,2509.819959418819,48.87914129899582,83.2183817855821
0,162,msp,12,half_d,6,2d,24,32,12000,100,1200000,ReLUResNet,20,0.01,3103.427949318444,3257.973154827123,24.928102525771465,91.76350405625999
0,163,msp,12,half_d,6,4d,48,32,12000,100,1200000,ReLUResNet,20,0.01,3595.936169000226,3829.5880892911227,12.461112152905116,98.13582501336714
0,164,msp,12,d,12,half_d,6,32,12000,100,1200000,ReLUResNet,20,0.01,2650.1249825509985,2543.665064396904,20.86824273013508,65.71395795382614
0,165,msp,12,d,12,d,12,32,12000,100,1200000,ReLUResNet,20,0.01,1683.399398145546,1764.0117202231231,18.637009169931844,115.04234465588138
0,166,msp,12,d,12,2d,24,32,12000,100,1200000,ReLUResNet,20,0.01,2075.8464570692013,2086.817442478059,6.895033600947045,48.5396039504144
0,167,msp,12,d,12,4d,48,32,12000,100,1200000,ReLUResNet,20,0.01,3427.2578234268585,4133.404818802548,7.779270981047375,125.609823514666
0,168,msp,16,two,2,half_d,8,32,16000,100,1600000,ReLUResNet,20,0.01,13566.520391076803,13658.023121327162,5166.489771285094,5290.610176810296
0,169,msp,16,two,2,d,16,32,16000,100,1600000,ReLUResNet,20,0.01,14005.701792150736,14053.713537156582,4213.498759102076,4277.328525838442
0,17,parity,12,half_d,6,d,12,32,12000,100,1200000,ReLUResNet,20,0.01,11900.018494009972,12172.417500853539,10568.623044490814,13386.962949693203
0,170,msp,16,two,2,2d,32,32,16000,100,1600000,ReLUResNet,20,0.01,13536.773489564657,13608.024201959372,5013.417623771355,5431.461048751138
0,171,msp,16,two,2,4d,64,32,16000,100,1600000,ReLUResNet,20,0.01,14903.088389247656,15424.209732711315,4593.380550097674,5588.199180783704
0,172,msp,16,half_d,8,half_d,8,32,16000,100,1600000,ReLUResNet,20,0.01,2568.314276823099,2520.713328503285,24.015334913059206,40.00554112425124
0,173,msp,16,half_d,8,d,16,32,16000,100,1600000,ReLUResNet,20,0.01,3342.9792184693415,3343.2169578854428,42.74835517246595,102.47328302033367
0,174,msp,16,half_d,8,2d,32,32,16000,100,1600000,ReLUResNet,20,0.01,3346.8447233030893,3493.418904028498,37.61761636591655,150.63653320398953
0,175,msp,16,half_d,8,4d,64,32,16000,100,1600000,ReLUResNet,20,0.01,4713.277469562599,4907.704382964643,21.78804216327262,489.5066313546631
0,176,msp,16,d,16,half_d,8,32,16000,100,1600000,ReLUResNet,20,0.01,,,,
0,177,msp,16,d,16,d,16,32,16000,100,1600000,ReLUResNet,20,0.01,,,,
0,178,msp,16,d,16,2d,32,32,16000,100,1600000,ReLUResNet,20,0.01,,,,
0,179,msp,16,d,16,4d,64,32,16000,100,1600000,ReLUResNet,20,0.01,,,,
0,18,parity,12,half_d,6,2d,24,32,12000,100,1200000,ReLUResNet,20,0.01,11727.385720729828,12352.968307375908,7637.108285933733,16722.0256677866
0,180,half_msp,8,two,2,half_d,4,32,8000,100,800000,ReLUResNet,20,0.01,44910.189378619194,45331.54029917717,41284.222662210464,41926.85654985905
0,181,half_msp,8,two,2,d,8,32,8000,100,800000,ReLUResNet,20,0.01,37623.65001475811,38253.14592194557,14224.273261904716,15481.50376060605
0,182,half_msp,8,two,2,2d,16,32,8000,100,800000,ReLUResNet,20,0.01,31548.429473936558,31818.699993163347,1125.360471561551,1214.4685395602137
0,183,half_msp,8,two,2,4d,32,32,8000,100,800000,ReLUResNet,20,0.01,23831.314068078995,24417.19840604067,7.558444637135835,9.063044056441868
0,184,half_msp,8,half_d,4,half_d,4,32,8000,100,800000,ReLUResNet,20,0.01,27151.39735275507,27746.954641997814,13584.416766405106,14847.312205582857
0,185,half_msp,8,half_d,4,d,8,32,8000,100,800000,ReLUResNet,20,0.01,16411.944078862667,16438.158587686718,879.4087013974786,940.4936720263213
0,186,half_msp,8,half_d,4,2d,16,32,8000,100,800000,ReLUResNet,20,0.01,12224.463088199496,12103.832338320091,0.02886030272475182,0.03290769615995259
0,187,half_msp,8,half_d,4,4d,32,32,8000,100,800000,ReLUResNet,20,0.01,10153.662433377234,10349.561732431874,0.09164882830680199,0.13682710923035302
0,188,half_msp,8,d,8,half_d,4,32,8000,100,800000,ReLUResNet,20,0.01,24646.09511220455,24589.267638742924,6649.06057228148,6543.700679387897
0,189,half_msp,8,d,8,d,8,32,8000,100,800000,ReLUResNet,20,0.01,8962.91533813253,9068.742999795824,33.59792503667995,36.52188500913326
0,19,parity,12,half_d,6,4d,48,32,12000,100,1200000,ReLUResNet,20,0.01,11496.430019944906,12639.125582516193,1804.0996267087758,26573.06615114212
0,190,half_msp,8,d,8,2d,16,32,8000,100,800000,ReLUResNet,20,0.01,7460.386299847858,7688.874123734888,4.962954501386285e-05,5.9657905345789075e-05
0,191,half_msp,8,d,8,4d,32,32,8000,100,800000,ReLUResNet,20,0.01,7887.216636795783,8232.841452361405,0.015874702118296113,0.03920787312806695
0,192,half_msp,12,two,2,half_d,6,32,12000,100,1200000,ReLUResNet,20,0.01,95043.08305346966,96128.90423178673,80178.56116807461,82555.33950972557
0,193,half_msp,12,two,2,d,12,32,12000,100,1200000,ReLUResNet,20,0.01,91963.60917246342,94931.25636422634,51548.945670604706,54625.25085455179
0,194,half_msp,12,two,2,2d,24,32,12000,100,1200000,ReLUResNet,20,0.01,92542.98214316368,96780.41866409779,30662.372578382492,34586.04357820749
0,195,half_msp,12,two,2,4d,48,32,12000,100,1200000,ReLUResNet,20,0.01,90176.68183660507,99137.0547593832,11075.580544620752,15177.061495095491
0,196,half_msp,12,half_d,6,half_d,6,32,12000,100,1200000,ReLUResNet,20,0.01,67483.86183810234,67449.75263893604,19812.39635166526,22169.879545360804
0,197,half_msp,12,half_d,6,d,12,32,12000,100,1200000,ReLUResNet,20,0.01,60002.03916054964,61516.34528070688,4287.627144385129,5646.8221321702
0,198,half_msp,12,half_d,6,2d,24,32,12000,100,1200000,ReLUResNet,20,0.01,54002.17634892464,55780.11971846223,421.8058130205609,847.2415912155993
0,199,half_msp,12,half_d,6,4d,48,32,12000,100,1200000,ReLUResNet,20,0.01,38123.34404478222,41824.37635524571,78.44986961281393,511.14207346132025
0,2,parity,8,two,2,2d,16,32,8000,100,800000,ReLUResNet,20,0.01,7940.234855353832,8076.355146467686,7266.269805252552,8745.341162800789
0,20,parity,12,d,12,half_d,6,32,12000,100,1200000,ReLUResNet,20,0.01,11997.125829935074,12229.48931246996,11381.481250405312,12607.907942175865
0,200,half_msp,12,d,12,half_d,6,32,12000,100,1200000,ReLUResNet,20,0.01,79005.94655966759,78084.68811166286,33656.6671487689,35413.14902162552
0,201,half_msp,12,d,12,d,12,32,12000,100,1200000,ReLUResNet,20,0.01,93085.8137024641,94982.55944490433,28173.676753401756,31928.430186241865
0,202,half_msp,12,d,12,2d,24,32,12000,100,1200000,ReLUResNet,20,0.01,85970.78236317635,92115.13555908203,1134.0370089616627,2394.3098582504317
0,203,half_msp,12,d,12,4d,48,32,12000,100,1200000,ReLUResNet,20,0.01,52797.10735929012,59103.82926252484,313.90192399639636,1858.9564244793728
0,204,half_msp,16,two,2,half_d,8,32,16000,100,1600000,ReLUResNet,20,0.01,165379.64314508438,163382.84320819378,156836.8358938694,158118.74067902565
0,205,half_msp,16,two,2,d,16,32,16000,100,1600000,ReLUResNet,20,0.01,159621.80930566788,163791.72016716003,78481.14838302135,82386.53279304504
0,206,half_msp,16,two,2,2d,32,32,16000,100,1600000,ReLUResNet,20,0.01,158423.75678682327,166908.44162023067,99115.76898646355,117811.98607051373
0,207,half_msp,16,two,2,4d,64,32,16000,100,1600000,ReLUResNet,20,0.01,161753.0422797203,170074.98512363434,127165.64384055138,196911.76857972145
0,208,half_msp,16,half_d,8,half_d,8,32,16000,100,1600000,ReLUResNet,20,0.01,160262.01123690605,156269.5666053295,142139.50097322464,154509.36287093163
0,209,half_msp,16,half_d,8,d,16,32,16000,100,1600000,ReLUResNet,20,0.01,157017.3841559887,159616.08383989334,118449.7074213028,179209.3357436657
0,21,parity,12,d,12,d,12,32,12000,100,1200000,ReLUResNet,20,0.01,11991.205298841,12423.68108767271,10965.461625039577,13056.528616189957
0,210,half_msp,16,half_d,8,2d,32,32,16000,100,1600000,ReLUResNet,20,0.01,147517.74143362045,156476.28469586372,12893.602342501283,44007.92569825053
0,211,half_msp,16,half_d,8,4d,64,32,16000,100,1600000,ReLUResNet,20,0.01,139682.6283055544,186345.6520190239,135.46013511472847,376821.39957523346
0,212,half_msp,16,d,16,half_d,8,32,16000,100,1600000,ReLUResNet,20,0.01,155247.32566308975,157741.4408146143,136729.14665794373,154092.2570681572
0,213,half_msp,16,d,16,d,16,32,16000,100,1600000,ReLUResNet,20,0.01,,,,
0,214,half_msp,16,d,16,2d,32,32,16000,100,1600000,ReLUResNet,20,0.01,,,,
0,215,half_msp,16,d,16,4d,64,32,16000,100,1600000,ReLUResNet,20,0.01,,,,
0,216,random,8,two,2,half_d,4,32,8000,100,800000,ReLUResNet,20,0.01,72163.72512757778,70383.99608302116,57008.418509960175,57935.698231220245
0,217,random,8,two,2,d,8,32,8000,100,800000,ReLUResNet,20,0.01,31213.61152893305,29795.696888148785,17183.19256091118,16378.464269086719
0,218,random,8,two,2,2d,16,32,8000,100,800000,ReLUResNet,20,0.01,15224.827739203349,14929.769560382236,0.6900910003387253,0.7571281041618931
0,219,random,8,two,2,4d,32,32,8000,100,800000,ReLUResNet,20,0.01,14187.420810279145,14470.828257765155,0.06723473196075247,0.1105725599068137
0,22,parity,12,d,12,2d,24,32,12000,100,1200000,ReLUResNet,20,0.01,11772.743789672852,12764.111805260181,7786.282926917076,16634.983227670193
0,220,random,8,half_d,4,half_d,4,32,8000,100,800000,ReLUResNet,20,0.01,46768.340148985386,45308.94078797102,27485.844308018684,26895.154026269913
0,221,random,8,half_d,4,d,8,32,8000,100,800000,ReLUResNet,20,0.01,11573.808618335053,11445.359771484975,3.330422495600942,3.4824234921179595
0,222,random,8,half_d,4,2d,16,32,8000,100,800000,ReLUResNet,20,0.01,7177.1960577556165,7090.00027603528,0.4910656708020724,0.5784212620551443
0,223,random,8,half_d,4,4d,32,32,8000,100,800000,ReLUResNet,20,0.01,6006.061927194081,5797.260362355446,0.06852521441476256,0.09911927528389697
0,224,random,8,d,8,half_d,4,32,8000,100,800000,ReLUResNet,20,0.01,43614.66401189566,45775.60100275278,19475.929748535156,20314.55019247532
0,225,random,8,d,8,d,8,32,8000,100,800000,ReLUResNet,20,0.01,8108.513181156246,8337.192964566406,0.009226791305714244,0.009663396323691842
0,226,random,8,d,8,2d,16,32,8000,100,800000,ReLUResNet,20,0.01,5231.243752686245,4955.60831962018,0.12844872845028021,0.1392088715704176
0,227,random,8,d,8,4d,32,32,8000,100,800000,ReLUResNet,20,0.01,5715.9875926749955,5402.47149146421,0.23370584673511985,0.4387180792837171
0,23,parity,12,d,12,4d,48,32,12000,100,1200000,ReLUResNet,20,0.01,12916.605565011501,15040.047082543373,6222.723114907742,19067.2992156744
0,24,parity,16,two,2,half_d,8,32,16000,100,1600000,ReLUResNet,20,0.01,15981.585324704647,16061.049792587757,15598.052796304226,16407.36731272936
0,25,parity,16,two,2,d,16,32,16000,100,1600000,ReLUResNet,20,0.01,15923.394776642323,16124.221034705639,15178.149105250835,16809.238748073578
0,26,parity,16,two,2,2d,32,32,16000,100,1600000,ReLUResNet,20,0.01,15920.836788415909,16171.541824817657,14649.281616687775,17287.815476715565
0,27,parity,16,two,2,4d,64,32,16000,100,1600000,ReLUResNet,20,0.01,15874.997902452946,16272.444283783436,12978.299238294363,18958.292218208313
0,28,parity,16,half_d,8,half_d,8,32,16000,100,1600000,ReLUResNet,20,0.01,15896.699087321758,16184.196808040142,14904.842526197433,17065.27448105812
0,29,parity,16,half_d,8,d,16,32,16000,100,1600000,ReLUResNet,20,0.01,15855.584832429886,16241.852755069733,13388.682592630386,18539.329600691795
0,3,parity,8,two,2,4d,32,32,8000,100,800000,ReLUResNet,20,0.01,7911.830333352089,8119.000384986401,6513.160472899675,9513.618813812733
0,30,parity,16,half_d,8,2d,32,32,16000,100,1600000,ReLUResNet,20,0.01,15674.6318718791,16491.74801337719,7256.557188794017,26936.4567784369
0,31,parity,16,half_d,8,4d,64,32,16000,100,1600000,ReLUResNet,20,0.01,14834.017212867737,17354.16986423731,242.16705299867317,40260.95525473356
0,32,parity,16,d,16,half_d,8,32,16000,100,1600000,ReLUResNet,20,0.01,16098.814896285534,16616.81314021349,15346.591547727585,16618.234490692616
0,33,parity,16,d,16,d,16,32,16000,100,1600000,ReLUResNet,20,0.01,,,,
0,34,parity,16,d,16,2d,32,32,16000,100,1600000,ReLUResNet,20,0.01,,,,
0,35,parity,16,d,16,4d,64,32,16000,100,1600000,ReLUResNet,20,0.01,,,,
0,36,staircase,8,two,2,half_d,4,32,8000,100,800000,ReLUResNet,20,0.01,5599.19220136106,5605.770492091775,3531.8932295292616,3573.4554051607847
0,37,staircase,8,two,2,d,8,32,8000,100,800000,ReLUResNet,20,0.01,4776.073293209076,4838.45220208168,1043.1027880162,1088.417330155149
0,38,staircase,8,two,2,2d,16,32,8000,100,800000,ReLUResNet,20,0.01,5006.632928788662,4937.044287271798,585.8781734295189,665.0705288751051
0,39,staircase,8,two,2,4d,32,32,8000,100,800000,ReLUResNet,20,0.01,4466.630355022848,4675.698608875275,483.8963537327945,586.0543965129182
0,4,parity,8,half_d,4,half_d,4,32,8000,100,800000,ReLUResNet,20,0.01,7966.913125574589,8064.386684060097,7684.298532962799,8302.773480415344
0,40,staircase,8,half_d,4,half_d,4,32,8000,100,800000,ReLUResNet,20,0.01,4273.677995607257,4289.34506829828,1851.86268337816,1889.2644791305065
0,41,staircase,8,half_d,4,d,8,32,8000,100,800000,ReLUResNet,20,0.01,3492.2486035712063,3529.9788881093264,270.67681789863855,297.24185909936205
0,42,staircase,8,half_d,4,2d,16,32,8000,100,800000,ReLUResNet,20,0.01,3480.7327938713133,3474.919367466122,11.573174957971787,12.63276465566014
0,43,staircase,8,half_d,4,4d,32,32,8000,100,800000,ReLUResNet,20,0.01,3459.435307059437,3773.9517655298114,1.9243776482944668,3.0525564051931724
0,44,staircase,8,d,8,half_d,4,32,8000,100,800000,ReLUResNet,20,0.01,4221.823236748576,4225.55171187222,1498.0825204215944,1555.5380767267197
0,45,staircase,8,d,8,d,8,32,8000,100,800000,ReLUResNet,20,0.01,2485.4062637072057,2557.969170834869,50.23814307054272,61.195336513221264
0,46,staircase,8,d,8,2d,16,32,8000,100,800000,ReLUResNet,20,0.01,2622.269342435524,2679.380869255401,0.4860332744151492,0.5847360712477894
0,47,staircase,8,d,8,4d,32,32,8000,100,800000,ReLUResNet,20,0.01,2635.700372944586,2877.972821040079,0.19776681408393415,0.39440265684356746
0,48,staircase,12,two,2,half_d,6,32,12000,100,1200000,ReLUResNet,20,0.01,9014.006844103336,9214.640526399016,5250.568100124598,5517.34103821218
0,49,staircase,12,two,2,d,12,32,12000,100,1200000,ReLUResNet,20,0.01,8562.254986792803,8614.925315223634,4164.517505556345,4361.394765473902
0,5,parity,8,half_d,4,d,8,32,8000,100,800000,ReLUResNet,20,0.01,7952.469641923904,8068.179154515266,7347.675993204117,8630.866670012474
0,50,staircase,12,two,2,2d,24,32,12000,100,1200000,ReLUResNet,20,0.01,8605.897817276418,8837.056792497635,3563.380935192108,4069.663336083293
0,51,staircase,12,two,2,4d,48,32,12000,100,1200000,ReLUResNet,20,0.01,8290.341676414013,8775.266787797213,2929.9309089928865,4165.5626493394375
0,52,staircase,12,half_d,6,half_d,6,32,12000,100,1200000,ReLUResNet,20,0.01,7114.507965750992,7063.474331460893,3962.007345981896,4122.158159531653
0,53,staircase,12,half_d,6,d,12,32,12000,100,1200000,ReLUResNet,20,0.01,6695.027667567134,6753.243326112628,1091.7209549751133,1290.0723668094724
0,54,staircase,12,half_d,6,2d,24,32,12000,100,1200000,ReLUResNet,20,0.01,7271.184588342905,7618.565041258931,311.3172106258571,460.48509533982724
0,55,staircase,12,half_d,6,4d,48,32,12000,100,1200000,ReLUResNet,20,0.01,6868.619068466127,7732.557489693165,130.85714703029953,334.24710165383294
0,56,staircase,12,d,12,half_d,6,32,12000,100,1200000,ReLUResNet,20,0.01,7241.862997293472,7180.102653950453,2170.3630640767515,2274.664445273578
0,57,staircase,12,d,12,d,12,32,12000,100,1200000,ReLUResNet,20,0.01,5664.003270961344,5750.854571059346,239.67625849880278,300.67771097039804
0,58,staircase,12,d,12,2d,24,32,12000,100,1200000,ReLUResNet,20,0.01,7565.563706345856,8033.190511524677,429.0339876106009,688.0016789138317
0,59,staircase,12,d,12,4d,48,32,12000,100,1200000,ReLUResNet,20,0.01,12253.94544018805,12157.656308457255,2457.503882482648,7321.461310617626
0,6,parity,8,half_d,4,2d,16,32,8000,100,800000,ReLUResNet,20,0.01,7903.64376950264,8140.888189136982,6468.45133176446,9481.012130141258
0,60,staircase,16,two,2,half_d,8,32,16000,100,1600000,ReLUResNet,20,0.01,12271.938441157341,12353.690959870815,9068.613025158644,9498.117148548365
0,61,staircase,16,two,2,d,16,32,16000,100,1600000,ReLUResNet,20,0.01,12522.191113650799,12335.07108925283,7861.970027163625,8385.650571748614
0,62,staircase,16,two,2,2d,32,32,16000,100,1600000,ReLUResNet,20,0.01,12100.945047736168,12439.235623255372,7235.418891817331,8430.017878904939
0,63,staircase,16,two,2,4d,64,32,16000,100,1600000,ReLUResNet,20,0.01,12604.368069216609,12874.54178082943,5758.394554704428,8079.968594819307
0,64,staircase,16,half_d,8,half_d,8,32,16000,100,1600000,ReLUResNet,20,0.01,10986.336588487029,11132.829598754644,5918.187320649624,6457.510882280767
0,65,staircase,16,half_d,8,d,16,32,16000,100,1600000,ReLUResNet,20,0.01,10759.085152320564,11089.136853769422,4637.394824042916,5712.904562145472
0,66,staircase,16,half_d,8,2d,32,32,16000,100,1600000,ReLUResNet,20,0.01,10674.304097369313,11433.375883929431,1394.440560489893,2734.3245236240327
0,67,staircase,16,half_d,8,4d,64,32,16000,100,1600000,ReLUResNet,20,0.01,9993.611615635455,11882.07367785275,588.0534813050181,14537.022533908486
0,68,staircase,16,d,16,half_d,8,32,16000,100,1600000,ReLUResNet,20,0.01,11398.225356429815,11532.220354273915,5772.231957696378,6185.917002119124
0,69,staircase,16,d,16,d,16,32,16000,100,1600000,ReLUResNet,20,0.01,,,,
0,7,parity,8,half_d,4,4d,32,32,8000,100,800000,ReLUResNet,20,0.01,7785.557165205479,8255.31738191843,4010.7567651718855,12549.021865665913
0,70,staircase,16,d,16,2d,32,32,16000,100,1600000,ReLUResNet,20,0.01,,,,
0,71,staircase,16,d,16,4d,64,32,16000,100,1600000,ReLUResNet,20,0.01,,,,
0,72,complete,8,two,2,half_d,4,32,8000,100,800000,ReLUResNet,20,0.01,1720957.0412332267,1936051.6139882877,3.331423913294218e-05,0.0007515336074785106
0,73,complete,8,two,2,d,8,32,8000,100,800000,ReLUResNet,20,0.01,2537345.8730363026,2017570.0112757757,993285.4404063225,1209892.6737835407
0,74,complete,8,two,2,2d,16,32,8000,100,800000,ReLUResNet,20,0.01,1512329.046254566,1969979.054620061,0.25774746889476674,518.706583417954
0,75,complete,8,two,2,4d,32,32,8000,100,800000,ReLUResNet,20,0.01,1574424.1801657453,1955799.1118050143,899.6218535378575,1813.1948136743158
0,76,complete,8,half_d,4,half_d,4,32,8000,100,800000,ReLUResNet,20,0.01,2058763.324710086,2109682.303617716,149642.08505454072,143117.1856939934
0,77,complete,8,half_d,4,d,8,32,8000,100,800000,ReLUResNet,20,0.01,,,,
0,78,complete,8,half_d,4,2d,16,32,8000,100,800000,ReLUResNet,20,0.01,,,,
0,79,complete,8,half_d,4,4d,32,32,8000,100,800000,ReLUResNet,20,0.01,,,,
0,8,parity,8,d,8,half_d,4,32,8000,100,800000,ReLUResNet,20,0.01,7991.430085361004,8045.181755423546,7569.973354279995,8386.953879475594
0,80,complete,8,d,8,half_d,4,32,8000,100,800000,ReLUResNet,20,0.01,,,,
0,81,complete,8,d,8,d,8,32,8000,100,800000,ReLUResNet,20,0.01,,,,
0,82,complete,8,d,8,2d,16,32,8000,100,800000,ReLUResNet,20,0.01,,,,
0,83,complete,8,d,8,4d,32,32,8000,100,800000,ReLUResNet,20,0.01,,,,
0,84,complete,12,two,2,half_d,6,32,12000,100,1200000,ReLUResNet,20,0.01,,,,
0,85,complete,12,two,2,d,12,32,12000,100,1200000,ReLUResNet,20,0.01,,,,
0,86,complete,12,two,2,2d,24,32,12000,100,1200000,ReLUResNet,20,0.01,,,,
0,87,complete,12,two,2,4d,48,32,12000,100,1200000,ReLUResNet,20,0.01,,,,
0,88,complete,12,half_d,6,half_d,6,32,12000,100,1200000,ReLUResNet,20,0.01,,,,
0,89,complete,12,half_d,6,d,12,32,12000,100,1200000,ReLUResNet,20,0.01,,,,
0,9,parity,8,d,8,d,8,32,8000,100,800000,ReLUResNet,20,0.01,7930.544858515263,8127.303092718124,7032.30704665184,8950.169768512249
0,90,complete,12,half_d,6,2d,24,32,12000,100,1200000,ReLUResNet,20,0.01,,,,
0,91,complete,12,half_d,6,4d,48,32,12000,100,1200000,ReLUResNet,20,0.01,,,,
0,92,complete,12,d,12,half_d,6,32,12000,100,1200000,ReLUResNet,20,0.01,,,,
0,93,complete,12,d,12,d,12,32,12000,100,1200000,ReLUResNet,20,0.01,,,,
0,94,complete,12,d,12,2d,24,32,12000,100,1200000,ReLUResNet,20,0.01,,,,
0,95,complete,12,d,12,4d,48,32,12000,100,1200000,ReLUResNet,20,0.01,,,,
0,96,complete,16,two,2,half_d,8,32,16000,100,1600000,ReLUResNet,20,0.01,19.077628821711833,1503237138.564882,2.171489490616907e-07,858993472.0000001
0,97,complete,16,two,2,d,16,32,16000,100,1600000,ReLUResNet,20,0.01,39.09273348494358,214748405.2107872,7.694355096315997e-06,1717986944.0000012
0,98,complete,16,two,2,2d,32,32,16000,100,1600000,ReLUResNet,20,0.01,34.601255721544476,429496657.33542615,0.0002789711094015601,644245104.0002065
0,99,complete,16,two,2,4d,64,32,16000,100,1600000,ReLUResNet,20,0.01,34.65164002025267,1073742065.3585982,0.0007712132538291172,644245104.0007106
